company_name,url,source
CATL,https://www.catl.com/,https://www.ufinebattery.com/blog/top-10-lithium-ion-battery-manufacturers-in-china/
BYD Company Limited,https://www.byd.com/en,https://www.ufinebattery.com/blog/top-10-lithium-ion-battery-manufacturers-in-china/
CALB,http://en.calb-tech.com/,https://www.ufinebattery.com/blog/top-10-lithium-ion-battery-manufacturers-in-china/
"EVE Energy Co., Ltd.",https://www.evebattery.com/,https://www.ufinebattery.com/blog/top-10-lithium-ion-battery-manufacturers-in-china/
"Hunan Shanshan Energy Co., Ltd.",https://www.shanshan.com/,https://www.ufinebattery.com/blog/top-10-lithium-ion-battery-manufacturers-in-china/
Farasis Energy,https://farasis.com/,https://www.ufinebattery.com/blog/top-10-lithium-ion-battery-manufacturers-in-china/
"Guoxuan High-Tech Co., Ltd.",https://en.gotion.com.cn/,https://www.ufinebattery.com/blog/top-10-lithium-ion-battery-manufacturers-in-china/
https://www.catl.com/,https://www.catl.com/en/,https://minghongpower.com/blog/lithium-battery-manufacturers-in-china/
https://www.byd.com/,https://www.byd.com/en,https://minghongpower.com/blog/lithium-battery-manufacturers-in-china/
https://www.ganfenglithium.com/,https://www.ganfenglithium.com/,https://minghongpower.com/blog/lithium-battery-manufacturers-in-china/
https://en.lishen.com.cn/,https://en.lishen.com.cn/,https://minghongpower.com/blog/lithium-battery-manufacturers-in-china/
https://www.evebattery.com/,https://www.evebattery.com/en,https://minghongpower.com/blog/lithium-battery-manufacturers-in-china/
https://www.farasis-energy.com/,https://www.farasis-energy.com/en/,https://minghongpower.com/blog/lithium-battery-manufacturers-in-china/
https://www.bakpower.com/,https://www.bakpower.com/,https://minghongpower.com/blog/lithium-battery-manufacturers-in-china/
https://bslbatt.com/,https://bslbatt.com/,https://minghongpower.com/blog/lithium-battery-manufacturers-in-china/
https://www.acebattery.com/,https://www.acebattery.com/,https://minghongpower.com/blog/lithium-battery-manufacturers-in-china/
https://www.ufinebattery.com/,https://www.ufinebattery.com/,https://minghongpower.com/blog/lithium-battery-manufacturers-in-china/
China International Battery Fair (CIBF),https://en.cibf.org.cn/,https://primroot.com/chinese-lithium-battery-manufacturers/
China (Shanghai) International Battery Industry Fair (CNIBF),https://www.tradefairdates.com/CNIBF-M12854/Shanghai.html,https://primroot.com/chinese-lithium-battery-manufacturers/
UN 38.3 Test Report,https://en.cibf.org.cn/,https://primroot.com/chinese-lithium-battery-manufacturers/
CE Certification,https://www.thebatteryshow.com/en/home.html,https://primroot.com/chinese-lithium-battery-manufacturers/
UL Certification,https://interbattery.or.kr/fairContents.do?FAIRMENU_IDX=17952&hl=ENG,https://primroot.com/chinese-lithium-battery-manufacturers/
Facebook,https://www.facebook.com/polinovel/,https://www.polinovelgroup.com/lithium-batteries-manufacturers/
Linkedin,https://www.linkedin.com/company/25061138/,https://www.polinovelgroup.com/lithium-batteries-manufacturers/
Youtube,https://www.youtube.com/@polinovel4350,https://www.polinovelgroup.com/lithium-batteries-manufacturers/
My Cart,https://account.chinaimportal.com/cart/,https://www.chinaimportal.com/blog/lithium-battery-manufacturers/
My Account,https://account.chinaimportal.com/my-account/,https://www.chinaimportal.com/blog/lithium-battery-manufacturers/
Get Your Free Spot Now,https://chinaimportal.easywebinar.live/webinar-a,https://www.chinaimportal.com/blog/lithium-battery-manufacturers/
IEC 62133,https://webstore.iec.ch/publication/32662,https://www.chinaimportal.com/blog/lithium-battery-manufacturers/
OHSAS 18001,https://www.bsigroup.com/en-HK/BS-OHSAS-18001-Occupational-Health-and-Safety/,https://www.chinaimportal.com/blog/lithium-battery-manufacturers/
Order Now,https://account.chinaimportal.com/checkout/?add-to-cart=54051,https://www.chinaimportal.com/blog/lithium-battery-manufacturers/
See demo,https://www.compliancegate.com/demo/,https://www.chinaimportal.com/blog/lithium-battery-manufacturers/
Order Now,https://account.chinaimportal.com/checkout/?add-to-cart=54054,https://www.chinaimportal.com/blog/lithium-battery-manufacturers/
Emily,http://www.quora-energy.com,https://www.chinaimportal.com/blog/lithium-battery-manufacturers/
Masood Akhter,http://nil,https://www.chinaimportal.com/blog/lithium-battery-manufacturers/
Robin Podmore,https://smartvillage.ieee.org/,https://www.chinaimportal.com/blog/lithium-battery-manufacturers/
ritalaw,http://www.vocationexpress.com,https://www.chinaimportal.com/blog/lithium-battery-manufacturers/
Renaud Anjoran,https://qualityinspection.org/,https://www.chinaimportal.com/blog/lithium-battery-manufacturers/
Custom Samrt BMS,https://www.tritekpower.com/custom-battery-management-system/,https://tritekbattery.com/lithium-ion-battery-manufacturers-in-china/
According to Bloomberg data,https://www.bloomberg.com/news/articles/2020-12-17/this-is-the-dawning-of-the-age-of-the-battery?srnd=green,https://tritekbattery.com/lithium-ion-battery-manufacturers-in-china/
(BMS),https://www.tritekpower.com/smart-battery-bms/,https://tritekbattery.com/lithium-ion-battery-manufacturers-in-china/
https://www.byd.com/en,https://www.byd.com/en,https://tritekbattery.com/lithium-ion-battery-manufacturers-in-china/
BYD plans to sell half of its vehicles outside China by 2030,https://www.reuters.com/markets/commodities/chinas-byd-tsingshan-scrap-plans-chile-lithium-plants-newspaper-reports-2025-05-07/?utm_source=chatgpt.com,https://tritekbattery.com/lithium-ion-battery-manufacturers-in-china/
https://www.catl.com/en/,https://www.catl.com/en/,https://tritekbattery.com/lithium-ion-battery-manufacturers-in-china/
€4.1 Billion JV with Stellantis in Spain,https://www.reuters.com/business/autos-transportation/stellantis-chinas-catl-invest-433-bln-ev-battery-factory-spain-2024-12-10/?utm_source=chatgpt.com,https://tritekbattery.com/lithium-ion-battery-manufacturers-in-china/
https://en.gotion.com.cn/,https://en.gotion.com.cn/,https://tritekbattery.com/lithium-ion-battery-manufacturers-in-china/
http://en.calb-tech.com/,http://en.calb-tech.com/,https://tritekbattery.com/lithium-ion-battery-manufacturers-in-china/
https://www.evebattery.com/en,https://www.evebattery.com/en,https://tritekbattery.com/lithium-ion-battery-manufacturers-in-china/
https://chinarept.com/en/,https://chinarept.com/en/,https://tritekbattery.com/lithium-ion-battery-manufacturers-in-china/
https://www.greatpower.net/en/,https://www.greatpower.net/en/,https://tritekbattery.com/lithium-ion-battery-manufacturers-in-china/
https://www.phylion.com/,https://www.phylion.com/,https://tritekbattery.com/lithium-ion-battery-manufacturers-in-china/
Linkedin,https://www.linkedin.com/company/tritek-lev-battery,https://tritekbattery.com/lithium-ion-battery-manufacturers-in-china/
Youtube,https://www.youtube.com/@ShenzhenTritekLimited/featured,https://tritekbattery.com/lithium-ion-battery-manufacturers-in-china/
Facebook,https://www.facebook.com/profile.php?id=61551033326010,https://tritekbattery.com/lithium-ion-battery-manufacturers-in-china/
3.2V Lithium Battery,https://enerforcebattery.com/product/3-2v-6-4v-1500mah-2000mah-4000mah-lifepo4-lithium-battery-pack/,https://www.enerforcebattery.com/top-7-lithium-ion-battery-manufacturers-in-china/
3.7V Lithium Battery,https://enerforcebattery.com/product/1s1p-3-7v-2200mah-18650-li-ion-battery-pack/,https://www.enerforcebattery.com/top-7-lithium-ion-battery-manufacturers-in-china/
7.4V Lithium Battery,https://enerforcebattery.com/product/2s1p-7-4v-2600mah-18650-li-ion-battery-pack/,https://www.enerforcebattery.com/top-7-lithium-ion-battery-manufacturers-in-china/
11.1V Lithium Battery,https://enerforcebattery.com/product/3s1p-11-1v-2200mah-18650-li-ion-battery-pack/,https://www.enerforcebattery.com/top-7-lithium-ion-battery-manufacturers-in-china/
14.8V Lithium Battery,https://enerforcebattery.com/product/4s1p-14-8v-2600mah-3200mah-lithium-battery-pack-for-sweeping-robot/,https://www.enerforcebattery.com/top-7-lithium-ion-battery-manufacturers-in-china/
18.5V Lithium Battery,https://enerforcebattery.com/product/5s1p-18-5v-3400mah-18650-li-ion-battery-pack-for-electric-tools/,https://www.enerforcebattery.com/top-7-lithium-ion-battery-manufacturers-in-china/
LIthium Battery For Stage Light,https://enerforcebattery.com/product/4s4p-14-8v-8-8ah-10ah-18650-li-ion-battery-pack-for-led-stage-light/,https://www.enerforcebattery.com/top-7-lithium-ion-battery-manufacturers-in-china/
High Capacity LiPO Battery,https://enerforcebattery.com/product/high-capacity-10000mah-lithium-polymer-battery-8870129-lipo-battery/,https://www.enerforcebattery.com/top-7-lithium-ion-battery-manufacturers-in-china/
Ultra Thin LiPO Battery,https://enerforcebattery.com/product/300mah-340mah-370mah-400mah-500mah-ultra-thin-1mm-4mm-lithium-polymer-battery/,https://www.enerforcebattery.com/top-7-lithium-ion-battery-manufacturers-in-china/
High Low Temperature LiPO,https://enerforcebattery.com/product/enerforce-oem-low-high-temperature-lithium-polymer-battery/,https://www.enerforcebattery.com/top-7-lithium-ion-battery-manufacturers-in-china/
RC Model LiPO Battery,https://enerforcebattery.com/product/enerforce-oem-capacity-high-c-rate-lipo-lithium-battery-pack-uav-rc-model-lipo-battery-with-xt60-for-helicopter-quadcopter/,https://www.enerforcebattery.com/top-7-lithium-ion-battery-manufacturers-in-china/
Customized LiPO Battery Pack,https://enerforcebattery.com/product/enerforce-oem-8050120-rechargeable-2s-lipo-battery-7-4v-6000mah/,https://www.enerforcebattery.com/top-7-lithium-ion-battery-manufacturers-in-china/
"SVOLT Energy Technology Co., Ltd.",https://www.svolt.cn/en,https://www.enerforcebattery.com/top-7-lithium-ion-battery-manufacturers-in-china/
Lithium ion Battery Cell,https://pknergy.com/lithium-ion-battery-manufacturer/,https://www.pknergy.com/news/10-best-lithium-ion-battery-manufacturers-in-china/
"Contemporary Amperex Technology Co., Limited",https://www.catl.com/en/,https://www.pknergy.com/news/10-best-lithium-ion-battery-manufacturers-in-china/
"Ganfeng Lithium Group Co., Ltd.",https://www.ganfenglithium.com/,https://www.pknergy.com/news/10-best-lithium-ion-battery-manufacturers-in-china/
PKNERGY Battery,http://pknergy.com,https://www.pknergy.com/news/10-best-lithium-ion-battery-manufacturers-in-china/
China Aviation Lithium Battery,http://en.calb-tech.com/,https://www.pknergy.com/news/10-best-lithium-ion-battery-manufacturers-in-china/
Large Power,https://www.large-battery.com/,https://www.pknergy.com/news/10-best-lithium-ion-battery-manufacturers-in-china/
"Sunwoda Electronic Co., Ltd.",https://en.sunwoda.com/,https://www.pknergy.com/news/10-best-lithium-ion-battery-manufacturers-in-china/
"EVE Energy Co., Ltd.",https://www.evebattery.com/en,https://www.pknergy.com/news/10-best-lithium-ion-battery-manufacturers-in-china/
Farasis Energy,https://www.farasis-energy.com/en/,https://www.pknergy.com/news/10-best-lithium-ion-battery-manufacturers-in-china/
"Shenzhen Grepow Battery Co., Ltd.",https://www.grepow.com/,https://www.pknergy.com/news/10-best-lithium-ion-battery-manufacturers-in-china/
+8613902461252,"https://api.whatsapp.com/send?phone=8613902461252&text=Hello,I saw your products on PKNERGY ENERGY Website",https://www.pknergy.com/news/10-best-lithium-ion-battery-manufacturers-in-china/
WhatsAPP,https://api.whatsapp.com/send?phone=8613216179977&text=Hello%2C+HIITIO+Team,https://www.hiitio.com/top-10-lithium-battery-manufacturers-in-china/
CATL (Contemporary Amperex Technology Co. Limited)↗️,https://www.catl.com/en/,https://www.hiitio.com/top-10-lithium-battery-manufacturers-in-china/
BYD (Build Your Dreams)↗️,https://www.byd.com/us,https://www.hiitio.com/top-10-lithium-battery-manufacturers-in-china/
"GEM (GEM Co., Ltd.)↗️",http://en.gem.com.cn/,https://www.hiitio.com/top-10-lithium-battery-manufacturers-in-china/
Gotion (Guoxuan High-tech)↗️,https://en.gotion.com.cn/,https://www.hiitio.com/top-10-lithium-battery-manufacturers-in-china/
Svolt Energy↗️,https://www.svolt.cn/en,https://www.hiitio.com/top-10-lithium-battery-manufacturers-in-china/
Lishen Battery↗️,https://en.lishen.com.cn/,https://www.hiitio.com/top-10-lithium-battery-manufacturers-in-china/
Camel Group↗️,https://www.camelbatt.com/,https://www.hiitio.com/top-10-lithium-battery-manufacturers-in-china/
CALB (China Aviation Lithium Battery)↗️,http://en.calb-tech.com/,https://www.hiitio.com/top-10-lithium-battery-manufacturers-in-china/
EVE Energy↗️,https://www.evebattery.com/en,https://www.hiitio.com/top-10-lithium-battery-manufacturers-in-china/
Huayou Cobalt↗️,https://www.huayou.com/en,https://www.hiitio.com/top-10-lithium-battery-manufacturers-in-china/
Linkedin,https://www.linkedin.com/company/zhejiang-hiitio-new-energy-co-ltd/,https://www.hiitio.com/top-10-lithium-battery-manufacturers-in-china/
Facebook-f,https://www.facebook.com/hiitionewenergy,https://www.hiitio.com/top-10-lithium-battery-manufacturers-in-china/
Youtube,https://www.youtube.com/@hiitio/,https://www.hiitio.com/top-10-lithium-battery-manufacturers-in-china/
X-twitter,https://twitter.com/nJtW0Y9KzVbXKZO,https://www.hiitio.com/top-10-lithium-battery-manufacturers-in-china/
VR Online Showroom,https://hiitio.en.alibaba.com/view/showroom/immersed.htm?model_id=6419045&member_id=274999216&ali_id=2216380790150&vaccount_id=281834773&wx_navbar_transparent=true&_aplus_page_enable=true&model=ailab&model_source=ailab,https://www.hiitio.com/top-10-lithium-battery-manufacturers-in-china/
浙ICP备2023004943号-1,https://beian.miit.gov.cn/,https://www.hiitio.com/top-10-lithium-battery-manufacturers-in-china/
Read more about these purposes,https://cookiedatabase.org/tcf/purposes/,https://www.hiitio.com/top-10-lithium-battery-manufacturers-in-china/
Elisha Huffman,https://empolo-group.com/,https://npplithium.com/top-10-lithium-ion-battery-manufacturers-in-china/
BYD Company Limited,https://en.byd.com/energy/,https://chinesemfg.com/lithium-ion-battery-manufacturers-in-china/
"EVE Energy Co., Ltd",https://www.evebattery.com/en,https://chinesemfg.com/lithium-ion-battery-manufacturers-in-china/
"Ganfeng Lithium Group Co., Ltd",https://www.ganfenglithium.com/index_en.html,https://chinesemfg.com/lithium-ion-battery-manufacturers-in-china/
"Tianjin Lishen Battery Joint-Stock Co., Ltd",https://en.lishen.com.cn/,https://chinesemfg.com/lithium-ion-battery-manufacturers-in-china/
"Farasis Energy Co., Ltd",https://www.farasis-energy.com/en/,https://chinesemfg.com/lithium-ion-battery-manufacturers-in-china/
"Guoxuan High-Tech Co., Ltd",https://en.gotion.com.cn/,https://chinesemfg.com/lithium-ion-battery-manufacturers-in-china/
"SVOLT Energy Technology Co., Ltd",https://www.svolt.cn/en,https://chinesemfg.com/lithium-ion-battery-manufacturers-in-china/
"Shenzhen Grepow Battery Co., Ltd",https://www.grepow.com/,https://chinesemfg.com/lithium-ion-battery-manufacturers-in-china/
粤ICP备11041765号,https://beian.miit.gov.cn,https://www.grepow.com/blog/top-10-lithium-battery-manufacturers-in-china.html
Chat with us,https://www.livechat.com/chat-with/17875743/,https://www.grepow.com/blog/top-10-lithium-battery-manufacturers-in-china.html
LiveChat,https://www.livechat.com/?welcome,https://www.grepow.com/blog/top-10-lithium-battery-manufacturers-in-china.html
Vincent Kenelak,http://iteraero.com,https://www.ecolithiumbattery.com/top-10-lithium-battery-manufacturers-in-china/
Linkedin,https://www.linkedin.com/company/elb-energy-group/,https://www.ecolithiumbattery.com/top-10-lithium-battery-manufacturers-in-china/
Facebook,https://www.facebook.com/ELB.China/,https://www.ecolithiumbattery.com/top-10-lithium-battery-manufacturers-in-china/
Youtube,https://www.youtube.com/channel/UC24uE--nQ4a-zHbI297sa5A,https://www.ecolithiumbattery.com/top-10-lithium-battery-manufacturers-in-china/
Twitter,https://twitter.com/ELB_Energy,https://www.ecolithiumbattery.com/top-10-lithium-battery-manufacturers-in-china/
Instagram,https://www.instagram.com/elb_energy/,https://www.ecolithiumbattery.com/top-10-lithium-battery-manufacturers-in-china/
Facebook,https://www.facebook.com/sharer.php?u=https%3A%2F%2Fwww.delongtop.com%2Ftop-10-lithium-ion-battery-manufacturers-in-china%2F&t=Top%2010%20Lithium%20Ion%20Battery%20Manufacturers%20in%20China,https://www.delongtop.com/top-10-lithium-ion-battery-manufacturers-in-china/
Twitter,https://twitter.com/share?url=https%3A%2F%2Fwww.delongtop.com%2Ftop-10-lithium-ion-battery-manufacturers-in-china%2F&text=Top%2010%20Lithium%20Ion%20Battery%20Manufacturers%20in%20China,https://www.delongtop.com/top-10-lithium-ion-battery-manufacturers-in-china/
Reddit,https://reddit.com/submit?url=https://www.delongtop.com/top-10-lithium-ion-battery-manufacturers-in-china/&title=Top%2010%20Lithium%20Ion%20Battery%20Manufacturers%20in%20China,https://www.delongtop.com/top-10-lithium-ion-battery-manufacturers-in-china/
WhatsApp,https://api.whatsapp.com/send?text=https%3A%2F%2Fwww.delongtop.com%2Ftop-10-lithium-ion-battery-manufacturers-in-china%2F,https://www.delongtop.com/top-10-lithium-ion-battery-manufacturers-in-china/
Gallery,https://i0.wp.com/www.delongtop.com/wp-content/uploads/2023/10/Household-Energy-Storage-System.jpg?fit=1000%2C667&ssl=1,https://www.delongtop.com/top-10-lithium-ion-battery-manufacturers-in-china/
Gallery,https://i0.wp.com/www.delongtop.com/wp-content/uploads/2024/08/24v-100ah-lifepo4-battery-Charging-methods-02.jpg?fit=1000%2C1000&ssl=1,https://www.delongtop.com/top-10-lithium-ion-battery-manufacturers-in-china/
Gallery,https://i0.wp.com/www.delongtop.com/wp-content/uploads/2024/12/Delong-Lithium-Battery-Energy-Storage-System-Factory.jpg?fit=1200%2C900&ssl=1,https://www.delongtop.com/top-10-lithium-ion-battery-manufacturers-in-china/
Gallery,https://i0.wp.com/www.delongtop.com/wp-content/uploads/2024/05/golf-carts-Battery-banner2_1920.jpg?fit=1920%2C1344&ssl=1,https://www.delongtop.com/top-10-lithium-ion-battery-manufacturers-in-china/
Gallery,https://i0.wp.com/www.delongtop.com/wp-content/uploads/2025/03/AGM-VS-Lithium-RV-Battery-2.jpg?fit=1000%2C600&ssl=1,https://www.delongtop.com/top-10-lithium-ion-battery-manufacturers-in-china/
$329.8 billion by 2030,https://www.grandviewresearch.com/industry-analysis/battery-market,https://www.rankred.com/largest-battery-manufacturers/
annual growth rate of 20.3%,https://www.grandviewresearch.com/industry-analysis/lithium-ion-battery-market,https://www.rankred.com/largest-battery-manufacturers/
"1,000 GWh per year of U.S. battery production capacity",https://www.edf.org/sites/default/files/2023-12/EDF%20Analysis%20on%20US%20Battery%20Capacity%2012.13.23%20final%20v3.pdf,https://www.rankred.com/largest-battery-manufacturers/
80% of the world’s battery cells,https://www.atlanticcouncil.org/blogs/new-atlanticist/the-us-wants-to-end-its-reliance-on-chinese-lithium-its-policies-are-doing-the-opposite/,https://www.rankred.com/largest-battery-manufacturers/
partnered with AM Batteries and Group14 Technologies,https://www.prnewswire.com/news-releases/group14-technologies-enters-production-to-power-the-next-generation-of-smartphones-for-amperex-technology-limited-atl-301757185.html,https://www.rankred.com/largest-battery-manufacturers/
powers more than 1 million EVs and provides over 15 GWh of installed capacity,https://www.aesc-group.com/en/aboutus.html,https://www.rankred.com/largest-battery-manufacturers/
profit surged to $136.88 million,https://en.gotion.com.cn/uploads/file/20240419/1713527229600070.pdf,https://www.rankred.com/largest-battery-manufacturers/
expand the plant’s capacity to 100 GWh,https://www.reuters.com/business/autos-transportation/chinas-gotion-high-tech-set-up-13-billion-ev-battery-gigafactory-morocco-2024-06-06/,https://www.rankred.com/largest-battery-manufacturers/
"60,000 battery modules and packs",https://cnevpost.com/2024/02/28/svolt-battery-plant-thailand-begins-production/,https://www.rankred.com/largest-battery-manufacturers/
$6.7 billion in revenue,https://en.sunwoda.com/upload/portal/20240410/d7f447af95c46f082de6434b897d6741.pdf,https://www.rankred.com/largest-battery-manufacturers/
partnered with Energy Absolute Plc,https://www.nationthailand.com/business/corporate/40029835,https://www.rankred.com/largest-battery-manufacturers/
cells could last a million miles over 15 years while retaining more than 70% of their capacity,https://www.prnewswire.com/in/news-releases/farasis-energy-unveils-breakthrough-in-million-mile-battery-technology-302202061.html,https://www.rankred.com/largest-battery-manufacturers/
achieved an annual revenue of $3.8 billion,https://en.invest.calb-tech.com/upload/file/20240411/20240411145145.pdf,https://www.rankred.com/largest-battery-manufacturers/
allocated $860 million to R&D,https://www.samsungsdi.com/about-sdi/research-development.html,https://www.rankred.com/largest-battery-manufacturers/
partnered with Solid Power,https://skinnonews.com/global/archives/17216,https://www.rankred.com/largest-battery-manufacturers/
invests nearly 5 billion annually,https://asia.nikkei.com/Business/Companies/Panasonic-accelerates-EV-battery-push-under-5bn-investment-plan,https://www.rankred.com/largest-battery-manufacturers/
operating income of $570.18 million,https://www.reuters.com/business/panasonic-expects-battery-units-annual-profit-rise-23-2024-05-09/,https://www.rankred.com/largest-battery-manufacturers/
"holds 58,861 patents",https://news.lgensol.com/company-overview/fast-facts/,https://www.rankred.com/largest-battery-manufacturers/
$25.29 billion in revenue,https://www.statista.com/statistics/1097910/lg-chem-battery-sales-revenue-worldwide/,https://www.rankred.com/largest-battery-manufacturers/
pic.twitter.com/6rMi9aZ6Mg,https://t.co/6rMi9aZ6Mg,https://www.rankred.com/largest-battery-manufacturers/
"August 2, 2024",https://twitter.com/BYDCompany/status/1819402788792946938?ref_src=twsrc%5Etfw,https://www.rankred.com/largest-battery-manufacturers/
"Chinese patents to 26,201",https://www.statista.com/statistics/1307218/number-of-patents-granted-byd/,https://www.rankred.com/largest-battery-manufacturers/
#CATLBehindTheScenes,https://twitter.com/hashtag/CATLBehindTheScenes?src=hash&ref_src=twsrc%5Etfw,https://www.rankred.com/largest-battery-manufacturers/
#Innovation,https://twitter.com/hashtag/Innovation?src=hash&ref_src=twsrc%5Etfw,https://www.rankred.com/largest-battery-manufacturers/
#EVBattery,https://twitter.com/hashtag/EVBattery?src=hash&ref_src=twsrc%5Etfw,https://www.rankred.com/largest-battery-manufacturers/
pic.twitter.com/cLsmPXIIRf,https://t.co/cLsmPXIIRf,https://www.rankred.com/largest-battery-manufacturers/
"August 14, 2024",https://twitter.com/catl_official/status/1823650860557058210?ref_src=twsrc%5Etfw,https://www.rankred.com/largest-battery-manufacturers/
37.7% of the market share,https://www.fitchratings.com/research/corporate-finance/fitch-affirms-catl-ratings-at-a-outlook-stable-24-06-2024,https://www.rankred.com/largest-battery-manufacturers/
breakthroughs like TENER,https://www.catl.com/en/news/6232.html,https://www.rankred.com/largest-battery-manufacturers/
Battery market size and trend analysis,https://www.grandviewresearch.com/industry-analysis/battery-market,https://www.rankred.com/largest-battery-manufacturers/
Lithium-ion battery market size and trend analysis,https://www.grandviewresearch.com/industry-analysis/lithium-ion-battery-market,https://www.rankred.com/largest-battery-manufacturers/
US EV battery manufacturing on track to meet demand,https://www.edf.org/sites/default/files/2023-12/EDF%20Analysis%20on%20US%20Battery%20Capacity%2012.13.23%20final%20v3.pdf,https://www.rankred.com/largest-battery-manufacturers/
The US wants to end its reliance on Chinese lithium,https://www.atlanticcouncil.org/blogs/new-atlanticist/the-us-wants-to-end-its-reliance-on-chinese-lithium-its-policies-are-doing-the-opposite/,https://www.rankred.com/largest-battery-manufacturers/
Group14 Technologies Enters Production to Power the Next Generation of Smartphones for ATL,https://www.prnewswire.com/news-releases/group14-technologies-enters-production-to-power-the-next-generation-of-smartphones-for-amperex-technology-limited-atl-301757185.html,https://www.rankred.com/largest-battery-manufacturers/
AESC is a global leader in developing high-performance batteries,https://www.aesc-group.com/en/aboutus.html,https://www.rankred.com/largest-battery-manufacturers/
2023 highlights of Gotion High-tech,https://en.gotion.com.cn/uploads/file/20240419/1713527229600070.pdf,https://www.rankred.com/largest-battery-manufacturers/
China’s Gotion High Tech to set up $1.3 billion EV battery gigafactory in Morocco,https://www.reuters.com/business/autos-transportation/chinas-gotion-high-tech-set-up-13-billion-ev-battery-gigafactory-morocco-2024-06-06/,https://www.rankred.com/largest-battery-manufacturers/
Svolt Energy’s battery plant in Thailand begins mass production,https://cnevpost.com/2024/02/28/svolt-battery-plant-thailand-begins-production/,https://www.rankred.com/largest-battery-manufacturers/
Summary of the 2023 annual report of Sunwoda Electronic,https://en.sunwoda.com/upload/portal/20240410/d7f447af95c46f082de6434b897d6741.pdf,https://www.rankred.com/largest-battery-manufacturers/
Energy Absolute and two Chinese firms to jointly set up battery cell plants in Thailand,https://www.nationthailand.com/business/corporate/40029835,https://www.rankred.com/largest-battery-manufacturers/
Farasis Energy unveils breakthrough in million-mile battery technology,https://www.prnewswire.com/in/news-releases/farasis-energy-unveils-breakthrough-in-million-mile-battery-technology-302202061.html,https://www.rankred.com/largest-battery-manufacturers/
2023 Financial summary of CALB,https://en.invest.calb-tech.com/upload/file/20240411/20240411145145.pdf,https://www.rankred.com/largest-battery-manufacturers/
R&D investments and patents,https://www.samsungsdi.com/about-sdi/research-development.html,https://www.rankred.com/largest-battery-manufacturers/
SK On strengthens partnership with Solid Power,https://skinnonews.com/global/archives/17216,https://www.rankred.com/largest-battery-manufacturers/
Panasonic accelerates EV battery push under $5bn investment plan,https://asia.nikkei.com/Business/Companies/Panasonic-accelerates-EV-battery-push-under-5bn-investment-plan,https://www.rankred.com/largest-battery-manufacturers/
Panasonic’s battery unit misses annual profit estimate,https://www.reuters.com/business/panasonic-expects-battery-units-annual-profit-rise-23-2024-05-09/,https://www.rankred.com/largest-battery-manufacturers/
"The company has over 58,000 patents",https://news.lgensol.com/company-overview/fast-facts/,https://www.rankred.com/largest-battery-manufacturers/
Sales revenue of battery company LG Energy Solution worldwide,https://www.statista.com/statistics/1097910/lg-chem-battery-sales-revenue-worldwide/,https://www.rankred.com/largest-battery-manufacturers/
Cumulative number of patents granted to BYD Group,https://www.statista.com/statistics/1307218/number-of-patents-granted-byd/,https://www.rankred.com/largest-battery-manufacturers/
"Fitch Affirms CATL’s Ratings at ‘A-‘, Outlook Stable",https://www.fitchratings.com/research/corporate-finance/fitch-affirms-catl-ratings-at-a-outlook-stable-24-06-2024,https://www.rankred.com/largest-battery-manufacturers/
"CATL unveils TENER, the world’s first five-year zero degradation energy storage system",https://www.catl.com/en/news/6232.html,https://www.rankred.com/largest-battery-manufacturers/
Wood Mackenzie,https://www.woodmac.com/,https://harveypoweress.com/top100-china-lithium-battery-manufacturer/
lithium batteries in China,https://en.wikipedia.org/wiki/Lithium_batteries_in_China,https://harveypoweress.com/top100-china-lithium-battery-manufacturer/
https://youtu.be/r300TM66tck,https://youtu.be/r300TM66tck,https://harveypoweress.com/top100-china-lithium-battery-manufacturer/
lithium iron phosphate (LiFePO4),https://en.wikipedia.org/wiki/Lithium_iron_phosphate_battery,https://harveypoweress.com/top100-china-lithium-battery-manufacturer/
lithium nickel manganese cobalt oxide (NMC),https://en.wikipedia.org/wiki/Lithium_nickel_manganese_cobalt_oxides,https://harveypoweress.com/top100-china-lithium-battery-manufacturer/
artificial intelligence (AI),https://www.techtarget.com/searchenterpriseai/definition/AI-Artificial-Intelligence,https://harveypoweress.com/top100-china-lithium-battery-manufacturer/
ISO 9001 (quality management),https://www.iso.org/iso-9001-quality-management.html,https://harveypoweress.com/top100-china-lithium-battery-manufacturer/
ISO 14001 (environmental management),https://www.iso.org/standard/60857.html,https://harveypoweress.com/top100-china-lithium-battery-manufacturer/
WhatsApp:+8616603089228,https://wa.me/message/NDLCJUEHZ446M1,https://harveypoweress.com/top100-china-lithium-battery-manufacturer/
whatsapp:+8616603021108,https://wa.me/message/TSNPHL7CPK4VN1,https://harveypoweress.com/top100-china-lithium-battery-manufacturer/
Visit our Facebook,https://www.facebook.com/harveypowerstorage,https://harveypoweress.com/top100-china-lithium-battery-manufacturer/
Visit our Instagram,https://www.instagram.com/harveypoweress_/,https://harveypoweress.com/top100-china-lithium-battery-manufacturer/
Visit our LinkedIn,https://www.linkedin.com/company/harveypowerstorage/mycompany/verification/?viewAsMember=true,https://harveypoweress.com/top100-china-lithium-battery-manufacturer/
Visit our YouTube channel,https://www.youtube.com/channel/UCJUqJeSNttuKU4xylgtoGEA,https://harveypoweress.com/top100-china-lithium-battery-manufacturer/
https://www.facebook.com/GreVaultEnergySolutions,https://www.facebook.com/GreVaultEnergySolutions,https://www.huntkeyenergystorage.com/top-10-battery-energy-storage-manufacturers-in-china/
https://www.linkedin.com/company/grevault-energy-solutions/,https://www.linkedin.com/company/grevault-energy-solutions/,https://www.huntkeyenergystorage.com/top-10-battery-energy-storage-manufacturers-in-china/
https://twitter.com/batteryess,https://twitter.com/batteryess,https://www.huntkeyenergystorage.com/top-10-battery-energy-storage-manufacturers-in-china/
https://www.youtube.com/channel/UCs0lzT31igFz6qGAb1x2Y6Q,https://www.youtube.com/channel/UC1kYzLJ9lkyao4OInvJDVWQ,https://www.huntkeyenergystorage.com/top-10-battery-energy-storage-manufacturers-in-china/
https://www.facebook.com/GreVaultEnergySolutions/,https://www.facebook.com/GreVaultEnergySolutions/,https://www.huntkeyenergystorage.com/top-10-battery-energy-storage-manufacturers-in-china/
energy storage capacity of 31.4 GW by the end of 2023,https://www.weforum.org/stories/2025/01/china-driving-advanced-energy-solutions-deployments/,https://www.large-battery.com/blog/leading-battery-pack-manufacturers-in-china-a-2025-overview/
unsplash,https://unsplash.com,https://www.large-battery.com/blog/leading-battery-pack-manufacturers-in-china-a-2025-overview/
over 48% of the EV battery market share in China and 24% globally,https://link.springer.com/article/10.1007/s10308-024-00699-9,https://www.large-battery.com/blog/leading-battery-pack-manufacturers-in-china-a-2025-overview/
largest iron-phosphate battery factory in the world,https://manlybattery.com/top-10-lithium-ion-battery-manufacturers/?srsltid=AfmBOopX5YVVyKbQppF4pPvecJiJO4D14yZgyZxgfXt_4hYYY0sH3ziT,https://www.large-battery.com/blog/leading-battery-pack-manufacturers-in-china-a-2025-overview/
pexels,https://pexels.com,https://www.large-battery.com/blog/leading-battery-pack-manufacturers-in-china-a-2025-overview/
"over 20,000 charging stations",https://www.nature.com/articles/s41597-025-04874-4,https://www.large-battery.com/blog/leading-battery-pack-manufacturers-in-china-a-2025-overview/
"8,000 to 10,000 charge cycles",https://www.azom.com/article.aspx?ArticleID=23645,https://www.large-battery.com/blog/leading-battery-pack-manufacturers-in-china-a-2025-overview/
only 5-10% of lithium-ion batteries are recycled worldwide,https://patentpc.com/blog/the-environmental-impact-of-battery-production-carbon-emissions-and-sustainability-stats,https://www.large-battery.com/blog/leading-battery-pack-manufacturers-in-china-a-2025-overview/
reduce CO₂ emissions by up to 70%,https://www.sustainabilitybynumbers.com/p/battery-recycling-myth,https://www.large-battery.com/blog/leading-battery-pack-manufacturers-in-china-a-2025-overview/
$8.86 billion in 2023 to $23.91 billion by 2035,https://www.marketresearchfuture.com/reports/china-lithium-ion-battery-market-46992,https://www.large-battery.com/blog/leading-battery-pack-manufacturers-in-china-a-2025-overview/
Facebook,https://www.facebook.com/profile.php?id=61572873421225,https://www.large-battery.com/blog/leading-battery-pack-manufacturers-in-china-a-2025-overview/
Youtube,https://www.youtube.com/channel/UCa7FTqmbUddMCReFt-DrLWA,https://www.large-battery.com/blog/leading-battery-pack-manufacturers-in-china-a-2025-overview/
Linkedin,https://www.linkedin.com/company/large-power/?viewAsMember=true,https://www.large-battery.com/blog/leading-battery-pack-manufacturers-in-china-a-2025-overview/
Shenzhen Honghaosheng Electronics,https://www.sz-battery.com,https://holobattery.com/lithium-battery-pack-manufacturers-in-china/
Shenzhen Data Power,https://www.dtpbattery.com,https://holobattery.com/lithium-battery-pack-manufacturers-in-china/
Dongguan Large Electronics,https://www.large-battery.com,https://holobattery.com/lithium-battery-pack-manufacturers-in-china/
Shenzhen Manly Battery,https://www.manlybatteries.com,https://holobattery.com/lithium-battery-pack-manufacturers-in-china/
Eco Power Group,https://www.ecopowerbattery.com,https://holobattery.com/lithium-battery-pack-manufacturers-in-china/
Polinovel,https://www.polinovelgroup.com,https://holobattery.com/lithium-battery-pack-manufacturers-in-china/
Huizhou JB Battery,https://www.lithiumbatterychina.com,https://holobattery.com/lithium-battery-pack-manufacturers-in-china/
Frey New Energy,https://freynewenergy.com,https://holobattery.com/lithium-battery-pack-manufacturers-in-china/
Padre Electronics,https://www.pdbattery.com,https://holobattery.com/lithium-battery-pack-manufacturers-in-china/
Linkedin,https://www.linkedin.com/company/holo-battery,https://holobattery.com/lithium-battery-pack-manufacturers-in-china/
Facebook,https://www.facebook.com/holobattery,https://holobattery.com/lithium-battery-pack-manufacturers-in-china/
Youtube,https://www.youtube.com/@holobattery,https://holobattery.com/lithium-battery-pack-manufacturers-in-china/
statista.es,https://es.statista.com,https://www.statista.com/statistics/235323/lithium-batteries-top-manufacturers/
statista.de,https://de.statista.com,https://www.statista.com/statistics/235323/lithium-batteries-top-manufacturers/
statista.fr,https://fr.statista.com,https://www.statista.com/statistics/235323/lithium-batteries-top-manufacturers/
Explore eCommerce Insights,https://ecdb.com/?utm_source=statista&utm_medium=referral&utm_content=link&utm_campaign=navi,https://www.statista.com/statistics/235323/lithium-batteries-top-manufacturers/
Strategy Consulting,https://strategy.statista.com/en/,https://www.statista.com/statistics/235323/lithium-batteries-top-manufacturers/
"For more details, visit our website.",https://r.statista.com/en,https://www.statista.com/statistics/235323/lithium-batteries-top-manufacturers/
eCommerce Insights,https://ecdb.com/?utm_source=statista&utm_medium=referral&utm_content=link&utm_campaign=navi,https://www.statista.com/statistics/235323/lithium-batteries-top-manufacturers/
Statista+,https://statistaplus.com/en,https://www.statista.com/statistics/235323/lithium-batteries-top-manufacturers/
Statista Q,https://q.statista.com/?utm_source=statista-com&utm_medium=website-link&utm_campaign=statista-platform-referrals,https://www.statista.com/statistics/235323/lithium-batteries-top-manufacturers/
ask Statista,https://ask.statista.com/,https://www.statista.com/statistics/235323/lithium-batteries-top-manufacturers/
nxt Statista,https://www.nxt.statista.com/,https://www.statista.com/statistics/235323/lithium-batteries-top-manufacturers/
Content & Design,https://statista.design/en/,https://www.statista.com/statistics/235323/lithium-batteries-top-manufacturers/
Statista R,https://r.statista.com/,https://www.statista.com/statistics/235323/lithium-batteries-top-manufacturers/
Use Ask Statista Research Service,https://ask.statista.com/,https://www.statista.com/statistics/235323/lithium-batteries-top-manufacturers/
